tick,robot,x,y,heading,fwd_cmd,lat_cmd,yaw_cmd,dpos,d_collisions
0,0,102.0,131.88,-1.588,0.894,0.0,-0.662,0.12,0
0,1,132.0,102.0,-3.124,0.0,0.0,1.0,0.0,0
0,2,42.0,12.12,1.553,0.894,0.0,-0.662,0.12,0
0,3,12.12,42.0,0.018,0.894,0.0,0.662,0.12,0
1,0,102.0,131.88,-1.623,0.0,0.0,-1.0,0.0,0
1,1,132.0,102.0,-3.089,0.0,0.0,1.0,0.0,0
1,2,42.0,12.36,1.518,0.9,0.0,-0.643,0.24,0
1,3,12.36,42.0,0.053,0.9,0.0,0.643,0.24,0
2,0,101.99,131.76,-1.676,0.915,0.0,-0.593,0.12,0
2,1,132.0,102.0,-3.037,0.0,0.0,1.0,0.0,0
2,2,42.02,12.72,1.466,0.912,0.0,-0.603,0.36,0
2,3,12.72,42.02,0.105,0.912,0.0,0.603,0.36,0
3,0,101.99,131.76,-1.746,0.0,0.0,-1.0,0.0,0
3,1,132.0,102.0,-2.967,0.0,0.0,1.0,0.0,0
3,2,42.07,13.2,1.396,0.928,0.0,-0.544,0.48,0
3,3,13.2,42.07,0.175,0.928,0.0,0.544,0.48,0
4,0,101.99,131.76,-1.833,0.0,0.0,-1.0,0.0,0
4,1,132.0,102.0,-2.879,0.0,0.0,1.0,0.0,0
4,2,42.18,13.79,1.323,0.948,0.0,-0.463,0.6,0
4,3,13.79,42.18,0.248,0.948,0.0,0.463,0.6,0
5,0,101.99,131.76,-1.938,0.0,0.0,-1.0,0.0,0
5,1,132.0,102.0,-2.774,0.0,0.0,1.0,0.0,0
5,2,42.05,13.97,1.263,0.965,0.0,-0.381,0.223,1
5,3,13.97,42.05,0.308,0.965,0.0,0.381,0.223,1
6,0,101.99,131.76,-2.061,0.0,0.0,-1.0,0.0,0
6,1,131.99,102.0,-2.652,0.009,0.0,1.0,0.013,0
6,2,42.03,13.99,1.213,0.975,0.0,-0.318,0.027,2
6,3,13.99,42.03,0.358,0.975,0.0,0.318,0.027,2
7,0,101.99,131.76,-2.201,0.0,0.0,-1.0,0.0,0
7,1,131.87,101.93,-2.512,0.129,0.0,1.0,0.133,0
7,2,42.01,14.0,1.174,0.985,0.0,-0.25,0.021,1
7,3,14.0,42.01,0.397,0.985,0.0,0.25,0.021,1
8,0,101.99,131.76,-2.358,0.0,0.0,-1.0,0.0,0
8,1,131.67,101.78,-2.355,0.251,0.0,1.0,0.253,0
8,2,42.0,14.01,1.143,0.991,0.0,-0.196,0.017,1
8,3,14.01,42.0,0.428,0.991,0.0,0.196,0.017,1
9,0,101.99,131.76,-2.515,0.0,0.0,-1.0,0.0,0
9,1,131.4,101.52,-2.197,0.372,0.0,1.0,0.373,0
9,2,41.99,14.01,1.119,0.994,0.0,-0.154,0.013,1
9,3,14.01,41.99,0.452,0.994,0.0,0.154,0.013,1
10,0,101.99,131.76,-2.672,0.0,0.0,-1.0,0.0,0
10,1,131.11,101.12,-2.04,0.476,0.0,1.0,0.493,0
10,2,41.98,14.02,1.1,0.996,0.0,-0.121,0.01,2
10,3,14.02,41.98,0.471,0.996,0.0,0.121,0.01,2
11,0,101.89,131.71,-2.829,0.149,0.0,-1.0,0.12,0
11,1,130.84,100.57,-1.883,0.565,0.0,1.0,0.613,0
11,2,41.97,14.02,1.085,0.998,0.0,-0.095,0.008,1
11,3,14.02,41.97,0.486,0.998,0.0,0.095,0.008,1
12,0,101.66,131.63,-2.986,0.292,0.0,-1.0,0.24,0
12,1,130.95,100.0,-1.726,0.642,0.0,1.0,0.582,8
12,2,41.97,14.03,1.073,0.999,0.0,-0.075,0.006,1
12,3,14.03,41.97,0.498,0.999,0.0,0.075,0.006,1
13,0,101.3,131.58,3.14,0.419,0.0,-1.0,0.36,0
13,1,130.99,99.91,-1.587,0.861,0.0,0.762,0.105,1
13,2,41.96,14.03,1.064,0.999,0.0,-0.059,0.005,1
13,3,14.03,41.96,0.507,0.999,0.0,0.059,0.005,1
14,0,100.82,131.58,2.983,0.53,0.0,-1.0,0.48,0
14,1,131.03,99.8,-1.465,0.923,0.0,0.563,0.112,1
14,2,41.96,14.03,1.057,0.999,0.0,-0.046,0.004,2
14,3,14.03,41.96,0.514,0.999,0.0,0.046,0.004,2
15,0,100.23,131.67,2.826,0.626,0.0,-1.0,0.6,0
15,1,131.06,99.69,-1.36,0.963,0.0,0.389,0.117,8
15,2,41.96,14.03,1.051,1.0,0.0,-0.036,0.003,1
15,3,14.03,41.96,0.52,1.0,0.0,0.036,0.003,1
16,0,99.55,131.9,2.669,0.709,0.0,-1.0,0.72,0
16,1,131.1,99.58,-1.273,0.986,0.0,0.24,0.119,1
16,2,41.95,14.03,1.047,1.0,0.0,-0.028,0.002,2
16,3,14.03,41.95,0.524,1.0,0.0,0.028,0.002,2
17,0,99.05,132.15,2.529,0.0,0.0,1.0,0.56,0
17,1,131.14,99.46,-1.203,0.997,0.0,0.116,0.12,1
17,2,41.95,14.03,1.043,1.0,0.0,-0.022,0.002,1
17,3,14.03,41.95,0.528,1.0,0.0,0.022,0.002,1
18,0,98.72,132.38,2.407,0.0,0.0,1.0,0.4,0
18,1,131.18,99.35,-1.151,1.0,0.0,0.017,0.12,0
18,2,41.95,14.03,1.04,1.0,0.0,-0.018,0.001,1
18,3,14.03,41.95,0.53,1.0,0.0,0.018,0.001,1
19,0,98.54,132.54,2.302,0.0,0.0,1.0,0.24,0
19,1,131.28,99.13,-1.117,0.999,0.0,-0.058,0.24,0
19,2,41.95,14.04,1.038,1.0,0.0,-0.014,0.001,1
19,3,14.04,41.95,0.533,1.0,0.0,0.014,0.001,1
20,0,98.49,132.6,2.18,0.0,0.0,-1.0,0.08,0
20,1,131.44,98.81,-1.1,0.997,0.0,-0.108,0.36,0
20,2,41.95,14.04,1.037,1.0,0.0,-0.011,0.001,1
20,3,14.04,41.95,0.534,1.0,0.0,0.011,0.001,1
21,0,98.49,132.6,2.076,0.0,0.0,1.0,0.0,0
21,1,131.66,98.38,-1.1,0.996,0.0,-0.133,0.48,0
21,2,41.95,14.04,1.035,1.0,0.0,-0.008,0.001,1
21,3,14.04,41.95,0.536,1.0,0.0,0.008,0.001,1
22,0,98.49,132.6,1.954,0.0,0.0,-1.0,0.0,0
22,1,131.93,97.85,-1.118,0.996,0.0,-0.135,0.6,0
22,2,41.95,14.04,1.034,1.0,0.0,-0.007,0.001,1
22,3,14.04,41.95,0.537,1.0,0.0,0.007,0.001,1
23,0,98.49,132.6,1.814,0.0,0.0,-1.0,0.0,0
23,1,132.24,97.2,-1.136,0.997,0.0,-0.112,0.72,0
23,2,41.95,14.04,1.033,1.0,0.0,-0.005,0.0,1
23,3,14.04,41.95,0.537,1.0,0.0,0.005,0.0,1
24,0,98.49,132.6,1.657,0.0,0.0,-1.0,0.0,0
24,1,132.6,96.44,-1.15,0.998,0.0,-0.09,0.84,0
24,2,41.95,14.04,1.033,1.0,0.0,-0.004,0.0,1
24,3,14.04,41.95,0.538,1.0,0.0,0.004,0.0,1
25,0,98.49,132.6,1.5,0.0,0.0,-1.0,0.0,0
25,1,132.99,95.56,-1.161,0.999,0.0,-0.073,0.96,0
25,2,41.95,14.04,1.032,1.0,0.0,-0.003,0.0,1
25,3,14.04,41.95,0.539,1.0,0.0,0.003,0.0,1
26,0,98.49,132.6,1.343,0.0,0.0,-1.0,0.0,0
26,1,133.42,94.57,-1.17,0.999,0.0,-0.059,1.08,0
26,2,41.95,14.04,1.032,1.0,0.0,-0.003,0.0,1
26,3,14.04,41.95,0.539,1.0,0.0,0.003,0.0,1
27,0,98.49,132.6,1.186,0.0,0.0,-1.0,0.0,0
27,1,133.89,93.46,-1.178,0.999,0.0,-0.049,1.2,0
27,2,41.95,14.04,1.031,1.0,0.0,-0.002,0.0,2
27,3,14.04,41.95,0.539,1.0,0.0,0.002,0.0,2
28,0,98.49,132.6,1.029,0.0,0.0,-1.0,0.0,0
28,1,134.39,92.24,-1.184,1.0,0.0,-0.04,1.32,0
28,2,41.95,14.04,1.031,1.0,0.0,-0.002,0.0,1
28,3,14.04,41.95,0.54,1.0,0.0,0.002,0.0,1
29,0,98.49,132.6,0.872,0.0,0.0,-1.0,0.0,0
29,1,134.94,90.91,-1.19,1.0,0.0,-0.034,1.44,0
29,2,41.95,14.04,1.031,1.0,0.0,-0.001,0.0,1
29,3,14.04,41.95,0.54,1.0,0.0,0.001,0.0,1
30,0,98.49,132.6,0.715,0.0,0.0,-1.0,0.0,0
30,1,135.49,89.52,-1.194,1.0,0.0,-0.028,1.5,0
30,2,41.95,14.04,1.031,1.0,0.0,-0.001,0.0,3
30,3,14.04,41.95,0.54,1.0,0.0,0.001,0.0,3
31,0,98.58,132.68,0.557,0.085,0.0,-1.0,0.12,0
31,1,136.05,88.12,-1.198,1.0,0.0,-0.024,1.5,0
31,2,41.95,14.04,1.031,1.0,0.0,-0.001,0.0,1
31,3,14.04,41.95,0.54,1.0,0.0,0.001,0.0,2
32,0,98.78,132.81,0.4,0.234,0.0,-1.0,0.24,0
32,1,136.5,86.73,-1.201,1.0,0.0,-0.021,1.469,1
32,2,41.95,14.04,1.031,1.0,0.0,-0.001,0.0,2
32,3,14.04,41.95,0.54,1.0,0.0,0.001,0.0,2
33,0,99.11,132.95,0.243,0.371,0.0,-1.0,0.36,0
33,1,136.5,86.62,-1.203,1.0,0.0,-0.011,0.112,1
33,2,41.95,14.04,1.031,1.0,0.0,-0.0,0.0,2
33,3,14.04,41.95,0.54,1.0,0.0,0.0,0.0,1
34,0,99.58,133.06,0.086,0.493,0.0,-1.0,0.48,0
34,1,136.5,86.5,-1.204,1.0,0.0,-0.005,0.112,1
34,2,41.95,14.04,1.031,1.0,0.0,-0.0,0.0,1
34,3,14.04,41.95,0.54,1.0,0.0,0.0,0.0,2
35,0,100.18,133.11,-0.071,0.6,0.0,-1.0,0.6,0
35,1,136.5,86.39,-1.204,1.0,0.0,0.0,0.112,1
35,2,41.95,14.04,1.031,1.0,0.0,-0.0,0.0,2
35,3,14.04,41.95,0.54,1.0,0.0,0.0,0.0,1
36,0,100.9,133.06,-0.228,0.692,0.0,-1.0,0.72,0
36,1,136.5,86.28,-1.203,1.0,0.0,0.004,0.112,1
36,2,41.95,14.04,1.03,1.0,0.0,-0.0,0.0,3
36,3,14.04,41.95,0.54,1.0,0.0,0.0,0.0,2
37,0,101.71,132.87,-0.383,0.77,0.0,-0.988,0.84,0
37,1,136.5,86.17,-1.202,1.0,0.0,0.007,0.112,1
37,2,41.95,14.04,1.03,1.0,0.0,-0.0,0.0,1
37,3,14.04,41.95,0.54,1.0,0.0,0.0,0.0,1
38,0,102.6,132.51,-0.521,0.833,0.0,-0.837,0.96,0
38,1,136.5,86.06,-1.201,1.0,0.0,0.009,0.112,1
38,2,41.95,14.04,1.03,1.0,0.0,-0.0,0.0,1
38,3,14.04,41.95,0.54,1.0,0.0,0.0,0.0,2
39,0,103.54,131.98,-0.641,0.877,0.0,-0.717,1.08,0
39,1,136.5,85.94,-1.199,1.0,0.0,0.011,0.112,1
39,2,41.95,14.04,1.03,1.0,0.0,-0.0,0.0,2
39,3,14.04,41.95,0.54,1.0,0.0,0.0,0.0,1
40,0,104.5,131.26,-0.744,0.904,0.0,-0.631,1.2,0
40,1,136.5,85.83,-1.197,1.0,0.0,0.012,0.112,1
40,2,41.95,14.04,1.013,0.0,0.0,-1.0,0.0,0
40,3,14.04,41.95,0.558,0.0,0.0,1.0,0.0,0
41,0,105.47,130.37,-0.835,0.92,0.0,-0.577,1.32,0
41,1,136.5,85.72,-1.195,1.0,0.0,0.014,0.112,1
41,2,41.95,14.04,0.978,0.0,0.0,-1.0,0.0,0
41,3,14.04,41.95,0.593,0.0,0.0,1.0,0.0,0
42,0,106.41,129.34,-0.921,0.927,0.0,-0.551,1.39,0
42,1,136.5,85.61,-1.193,1.0,0.0,0.015,0.112,1
42,2,41.95,14.04,0.925,0.0,0.0,-1.0,0.0,0
42,3,14.04,41.95,0.645,0.0,0.0,1.0,0.0,0
43,0,107.25,128.22,-1.006,0.93,0.0,-0.538,1.395,0
43,1,136.5,85.5,-1.19,1.0,0.0,0.015,0.112,1
43,2,41.95,14.04,0.855,0.0,0.0,-1.0,0.0,0
43,3,14.03,41.95,0.715,0.051,0.0,1.0,0.008,1
44,0,108.0,127.04,-1.089,0.932,0.0,-0.53,1.398,0
44,1,136.5,85.39,-1.188,1.0,0.0,0.016,0.111,1
44,2,41.95,14.04,0.768,0.0,0.0,-1.0,0.0,0
44,3,14.02,41.97,0.803,0.12,0.0,1.0,0.021,1
45,0,108.65,125.8,-1.172,0.933,0.0,-0.527,1.399,0
45,1,136.5,85.27,-1.185,1.0,0.0,0.017,0.111,1
45,2,41.95,14.04,0.663,0.0,0.0,-1.0,0.0,0
45,3,14.01,42.0,0.908,0.207,0.0,1.0,0.032,1
46,0,109.19,124.52,-1.254,0.933,0.0,-0.527,1.399,0
46,1,136.5,85.16,-1.182,1.0,0.0,0.017,0.111,1
46,2,41.95,14.04,0.54,0.0,0.0,-1.0,0.0,0
46,3,13.98,42.04,1.031,0.309,0.0,1.0,0.044,1
47,0,109.63,123.19,-1.337,0.933,0.0,-0.528,1.399,0
47,1,136.5,85.05,-1.179,1.0,0.0,0.018,0.111,1
47,2,41.95,14.04,0.4,0.0,0.0,-1.0,0.0,0
47,3,13.95,42.09,1.171,0.424,0.0,1.0,0.058,1
48,0,109.95,121.83,-1.42,0.932,0.0,-0.529,1.399,0
48,1,136.5,84.94,-1.177,1.0,0.0,0.018,0.111,1
48,2,42.01,14.0,0.243,0.139,0.0,-1.0,0.071,1
48,3,13.92,42.15,1.328,0.547,0.0,1.0,0.073,1
49,0,110.16,120.44,-1.503,0.932,0.0,-0.528,1.399,0
49,1,136.5,84.83,-1.174,1.0,0.0,0.018,0.111,1
49,2,42.08,13.96,0.086,0.29,0.0,-1.0,0.086,2
49,3,13.88,42.22,1.485,0.672,0.0,1.0,0.087,2
50,0,110.26,119.05,-1.586,0.933,0.0,-0.526,1.399,0
50,1,136.5,84.72,-1.171,1.0,0.0,0.019,0.111,1
50,2,42.17,13.91,-0.071,0.433,0.0,-1.0,0.099,1
50,3,13.83,42.31,1.636,0.78,0.0,0.965,0.1,1
51,0,110.23,117.65,-1.668,0.934,0.0,-0.521,1.401,0
51,1,136.5,84.61,-1.168,1.0,0.0,0.019,0.111,1
51,2,42.26,13.85,-0.228,0.565,0.0,-1.0,0.109,2
51,3,13.77,42.41,1.77,0.867,0.0,0.746,0.109,1
52,0,110.1,116.25,-1.748,0.936,0.0,-0.513,1.404,0
52,1,136.5,84.5,-1.165,1.0,0.0,0.019,0.11,1
52,2,42.36,13.8,-0.385,0.684,0.0,-1.0,0.116,1
52,3,13.72,42.51,1.887,0.926,0.0,0.552,0.115,1
53,0,109.85,114.86,-1.827,0.939,0.0,-0.501,1.409,0
53,1,136.5,84.39,-1.162,1.0,0.0,0.02,0.11,1
53,2,42.47,13.74,-0.534,0.787,0.0,-0.951,0.119,2
53,3,13.66,42.61,1.986,0.964,0.0,0.384,0.118,1
54,0,109.49,113.49,-1.903,0.943,0.0,-0.485,1.414,0
54,1,136.5,84.28,-1.159,1.0,0.0,0.02,0.11,1
54,2,42.57,13.68,-0.666,0.867,0.0,-0.745,0.12,0
54,3,13.61,42.72,2.067,0.986,0.0,0.24,0.12,1
55,0,109.03,112.15,-1.976,0.947,0.0,-0.466,1.421,0
55,1,136.5,84.17,-1.155,1.0,0.0,0.02,0.11,1
55,2,42.76,13.53,-0.781,0.923,0.0,-0.564,0.24,0
55,3,13.55,42.83,2.132,0.996,0.0,0.121,0.12,0
56,0,108.46,110.82,-2.038,0.962,0.0,-0.394,1.443,0
56,1,136.5,84.06,-1.152,1.0,0.0,0.021,0.11,1
56,2,43.02,13.28,-0.877,0.959,0.0,-0.412,0.36,0
56,3,13.42,43.03,2.178,1.0,0.0,0.027,0.24,0
57,0,107.8,109.52,-2.091,0.973,0.0,-0.334,1.459,0
57,1,136.5,83.95,-1.149,1.0,0.0,0.021,0.11,1
57,2,43.32,12.91,-0.957,0.98,0.0,-0.286,0.48,0
57,3,13.22,43.32,2.207,0.999,0.0,-0.047,0.36,0
58,0,107.07,108.25,-2.136,0.98,0.0,-0.285,1.47,0
58,1,136.5,83.84,-1.145,1.0,0.0,0.021,0.109,1
58,2,43.67,12.42,-1.019,0.992,0.0,-0.185,0.6,0
58,3,12.93,43.71,2.219,0.997,0.0,-0.104,0.48,0
59,0,106.28,107.0,-2.174,0.985,0.0,-0.246,1.478,0
59,1,136.5,83.73,-1.142,1.0,0.0,0.021,0.109,1
59,2,44.05,11.81,-1.063,0.997,0.0,-0.108,0.72,0
59,3,12.57,44.19,2.213,0.995,0.0,-0.145,0.6,0
60,0,105.44,105.78,-2.208,0.989,0.0,-0.214,1.483,0
60,1,136.5,83.62,-1.139,1.0,0.0,0.022,0.109,1
60,2,44.32,11.32,-1.125,0.0,0.0,-1.0,0.56,0
60,3,12.14,44.77,2.189,0.962,0.0,-0.395,0.72,0
61,0,104.55,104.58,-2.237,0.991,0.0,-0.188,1.487,0
61,1,136.5,83.51,-1.135,1.0,0.0,0.022,0.109,1
61,2,44.49,10.96,-1.204,0.0,0.0,-1.0,0.4,0
61,3,11.65,45.45,2.148,0.967,0.0,-0.371,0.84,0
62,0,103.63,103.41,-2.264,0.993,0.0,-0.168,1.49,0
62,1,136.5,83.4,-1.132,1.0,0.0,0.022,0.109,1
62,2,44.58,10.73,-1.301,0.0,0.0,-1.0,0.24,0
62,3,11.13,46.25,2.098,0.975,0.0,-0.323,0.96,0
63,0,102.68,102.26,-2.288,0.994,0.0,-0.153,1.491,0
63,1,136.5,83.29,-1.128,1.0,0.0,0.023,0.109,1
63,2,44.6,10.65,-1.415,0.0,0.0,-1.0,0.08,0
63,3,10.59,47.19,2.056,0.983,0.0,-0.262,1.08,0
64,0,101.8,101.26,-2.294,0.0,0.0,1.0,1.331,0
64,1,136.5,83.19,-1.125,1.0,0.0,0.023,0.108,1
64,2,44.6,10.65,-1.547,0.0,0.0,-1.0,0.0,0
64,3,10.03,48.25,2.023,0.989,0.0,-0.214,1.2,0
65,0,101.03,100.38,-2.283,0.0,0.0,1.0,1.171,0
65,1,136.5,83.08,-1.121,1.0,0.0,0.023,0.108,1
65,2,44.6,10.65,-1.696,0.0,0.0,-1.0,0.0,0
65,3,9.45,49.44,1.995,0.992,0.0,-0.176,1.32,0
66,0,100.37,99.61,-2.254,0.0,0.0,1.0,1.011,0
66,1,136.5,82.97,-1.117,1.0,0.0,0.024,0.108,1
66,2,44.6,10.65,-1.853,0.0,0.0,-1.0,0.0,0
66,3,8.86,50.75,1.972,0.995,0.0,-0.146,1.44,0
67,0,99.83,98.95,-2.208,0.0,0.0,1.0,0.851,0
67,1,136.5,82.86,-1.113,1.0,0.0,0.024,0.108,1
67,2,44.6,10.65,-2.01,0.0,0.0,-1.0,0.0,0
67,3,8.27,52.12,1.953,0.996,0.0,-0.123,1.494,0
68,0,99.42,98.4,-2.145,0.0,0.0,1.0,0.691,0
68,1,136.5,82.75,-1.11,1.0,0.0,0.024,0.108,1
68,2,44.6,10.65,-2.167,0.0,0.0,-1.0,0.0,0
68,3,7.72,53.51,1.937,0.997,0.0,-0.104,1.496,0
69,0,99.13,97.95,-2.064,0.0,0.0,1.0,0.531,0
69,1,136.5,82.65,-1.106,1.0,0.0,0.025,0.107,1
69,2,44.57,10.61,-2.325,0.035,0.0,-1.0,0.053,0
69,3,7.5,54.91,1.923,0.998,0.0,-0.089,1.415,1
70,0,98.95,97.62,-1.965,0.0,0.0,1.0,0.371,0
70,1,136.5,82.54,-1.102,1.0,0.0,0.025,0.107,1
70,2,44.45,10.48,-2.482,0.185,0.0,-1.0,0.173,0
70,3,7.5,55.02,1.915,0.999,0.0,-0.052,0.113,1
71,0,98.87,97.43,-1.849,0.0,0.0,1.0,0.211,0
71,1,136.5,82.43,-1.098,1.0,0.0,0.025,0.107,1
71,2,44.22,10.3,-2.639,0.318,0.0,-1.0,0.293,0
71,3,7.5,55.14,1.909,1.0,0.0,-0.037,0.113,1
72,0,98.86,97.38,-1.716,0.0,0.0,1.0,0.051,0
72,1,136.5,82.33,-1.094,1.0,0.0,0.026,0.107,1
72,2,43.86,10.11,-2.796,0.434,0.0,-1.0,0.413,0
72,3,7.5,55.25,1.905,1.0,0.0,-0.026,0.113,1
73,0,98.86,97.38,-1.565,0.0,0.0,1.0,0.0,0
73,1,136.5,82.22,-1.09,1.0,0.0,0.026,0.107,1
73,2,43.35,9.92,-2.953,0.534,0.0,-1.0,0.533,0
73,3,7.5,55.36,1.902,1.0,0.0,-0.017,0.113,1
74,0,98.86,97.26,-1.408,0.092,0.0,1.0,0.12,0
74,1,136.5,82.11,-1.085,1.0,0.0,0.026,0.106,1
74,2,42.71,9.8,-3.11,0.622,0.0,-1.0,0.653,0
74,3,7.5,55.48,1.9,1.0,0.0,-0.011,0.113,1
75,0,98.9,97.02,-1.25,0.241,0.0,1.0,0.24,0
75,1,136.5,82.01,-1.081,1.0,0.0,0.027,0.106,1
75,2,41.94,9.78,3.016,0.722,0.0,-1.0,0.773,0
75,3,7.5,55.59,1.899,1.0,0.0,-0.005,0.114,1
76,0,99.01,96.68,-1.093,0.379,0.0,1.0,0.36,0
76,1,136.5,81.9,-1.077,1.0,0.0,0.027,0.106,1
76,2,41.05,9.89,2.874,0.807,0.0,-0.903,0.893,0
76,3,7.5,55.7,1.899,1.0,0.0,-0.001,0.114,1
77,0,99.23,96.25,-0.936,0.505,0.0,1.0,0.48,0
77,1,136.5,81.79,-1.073,1.0,0.0,0.028,0.106,1
77,2,40.08,10.16,2.75,0.87,0.0,-0.736,1.013,0
77,3,7.5,55.82,1.899,1.0,0.0,0.002,0.114,1
78,0,99.59,95.77,-0.779,0.618,0.0,1.0,0.6,0
78,1,136.5,81.69,-1.068,1.0,0.0,0.028,0.105,1
78,2,39.03,10.59,2.643,0.915,0.0,-0.594,1.133,0
78,3,7.5,55.93,1.9,1.0,0.0,0.005,0.114,1
79,0,100.1,95.27,-0.622,0.717,0.0,1.0,0.72,0
79,1,136.5,81.58,-1.064,1.0,0.0,0.028,0.105,1
79,2,37.93,11.19,2.554,0.945,0.0,-0.475,1.253,0
79,3,7.5,56.04,1.901,1.0,0.0,0.007,0.114,1
80,0,100.56,94.94,-0.483,0.0,0.0,-1.0,0.56,0
80,1,136.5,81.48,-1.059,1.0,0.0,0.029,0.105,1
80,2,37.02,11.8,2.447,0.0,0.0,-1.0,1.093,0
80,3,7.5,56.16,1.903,1.0,0.0,0.008,0.114,1
81,0,100.91,94.75,-0.36,0.0,0.0,-1.0,0.4,0
81,1,136.5,81.37,-1.055,1.0,0.0,0.029,0.105,1
81,2,36.3,12.39,2.322,0.0,0.0,-1.0,0.933,0
81,3,7.5,56.27,1.904,1.0,0.0,0.01,0.113,1
82,0,101.14,94.67,-0.221,0.0,0.0,1.0,0.24,0
82,1,136.5,81.27,-1.05,1.0,0.0,0.03,0.104,1
82,2,35.77,12.96,2.181,0.045,0.0,-1.0,0.773,0
82,3,7.5,56.38,1.906,1.0,0.0,0.011,0.113,1
83,0,101.21,94.65,-0.064,0.0,0.0,1.0,0.08,0
83,1,136.5,81.17,-1.045,1.0,0.0,0.03,0.104,1
83,2,35.42,13.46,2.023,0.142,0.0,-1.0,0.613,0
83,3,7.5,56.5,1.908,1.0,0.0,0.012,0.113,1
84,0,101.21,94.65,0.093,0.0,0.0,1.0,0.0,0
84,1,136.5,81.06,-1.041,1.0,0.0,0.03,0.104,1
84,2,35.22,13.87,1.866,0.261,0.0,-1.0,0.453,0
84,3,7.5,56.61,1.91,1.0,0.0,0.012,0.113,1
85,0,101.21,94.65,0.25,0.0,0.0,1.0,0.0,0
85,1,136.5,80.96,-1.036,1.0,0.0,0.031,0.104,1
85,2,35.06,14.42,1.709,0.386,0.0,-1.0,0.573,0
85,3,7.5,56.72,1.912,1.0,0.0,0.013,0.113,1
86,0,101.21,94.65,0.407,0.0,0.0,1.0,0.0,0
86,1,136.5,80.86,-1.031,1.0,0.0,0.031,0.103,1
86,2,34.96,15.1,1.552,0.498,0.0,-1.0,0.693,0
86,3,7.5,56.84,1.914,1.0,0.0,0.013,0.113,1
87,0,101.21,94.65,0.565,0.0,0.0,1.0,0.0,0
87,1,136.5,80.75,-1.026,1.0,0.0,0.032,0.103,1
87,2,34.98,15.92,1.395,0.599,0.0,-1.0,0.813,0
87,3,7.5,56.95,1.916,1.0,0.0,0.014,0.113,1
88,0,101.21,94.65,0.722,0.0,0.0,1.0,0.0,0
88,1,136.5,80.65,-1.021,1.0,0.0,0.032,0.103,1
88,2,35.14,16.83,1.238,0.688,0.0,-1.0,0.933,0
88,3,7.5,57.06,1.918,1.0,0.0,0.014,0.113,1
89,0,101.21,94.65,0.879,0.0,0.0,1.0,0.0,0
89,1,136.5,80.55,-1.016,1.0,0.0,0.033,0.102,1
89,2,35.48,17.83,1.081,0.766,0.0,-0.998,1.053,0
89,3,7.5,57.18,1.92,1.0,0.0,0.015,0.113,1
90,0,101.21,94.65,1.036,0.0,0.0,1.0,0.0,0
90,1,136.5,80.45,-1.01,1.0,0.0,0.033,0.102,1
90,2,36.03,18.87,0.942,0.832,0.0,-0.841,1.173,0
90,3,7.5,57.29,1.923,1.0,0.0,0.015,0.113,1
91,0,101.21,94.65,1.193,0.0,0.0,1.0,0.0,0
91,1,136.5,80.34,-1.005,1.0,0.0,0.033,0.102,1
91,2,36.8,19.91,0.82,0.879,0.0,-0.71,1.293,0
91,3,7.5,57.4,1.925,1.0,0.0,0.015,0.113,1
92,0,101.25,94.73,1.35,0.058,0.0,1.0,0.086,0
92,1,136.5,80.24,-1.0,1.0,0.0,0.034,0.101,1
92,2,36.62,20.51,0.716,0.911,0.0,-0.606,0.625,8
92,3,7.5,57.51,1.927,1.0,0.0,0.015,0.113,1
93,0,101.29,94.93,1.507,0.212,0.0,1.0,0.206,0
93,1,136.5,80.14,-0.995,0.995,0.0,0.034,0.101,1
93,2,36.61,20.55,0.629,0.933,0.0,-0.528,0.044,1
93,3,7.5,57.63,1.93,1.0,0.0,0.016,0.112,1
94,0,101.31,95.26,1.664,0.359,0.0,1.0,0.326,0
94,1,136.5,80.04,-0.989,0.987,0.0,0.035,0.101,1
94,2,36.59,20.58,0.56,0.959,0.0,-0.409,0.034,8
94,3,7.5,57.74,1.932,1.0,0.0,0.016,0.112,1
95,0,101.27,95.7,1.821,0.496,0.0,1.0,0.446,0
95,1,136.5,79.94,-0.983,0.978,0.0,0.035,0.1,1
95,2,36.59,20.61,0.508,0.976,0.0,-0.313,0.026,1
95,3,7.5,57.85,1.935,1.0,0.0,0.016,0.112,1
96,0,101.13,96.25,1.978,0.62,0.0,1.0,0.566,0
96,1,136.5,79.84,-0.978,0.97,0.0,0.036,0.1,1
96,2,36.58,20.63,0.47,0.986,0.0,-0.242,0.02,1
96,3,7.5,57.96,1.938,1.0,0.0,0.016,0.112,1
97,0,100.86,96.88,2.135,0.73,0.0,1.0,0.686,0
97,1,136.5,79.74,-0.972,0.962,0.0,0.036,0.1,1
97,2,36.57,20.64,0.44,0.991,0.0,-0.19,0.016,1
97,3,7.5,58.08,1.94,1.0,0.0,0.017,0.112,1
98,0,100.43,97.56,2.275,0.823,0.0,0.862,0.806,0
98,1,136.5,79.64,-0.966,0.954,0.0,0.037,0.099,1
98,2,36.57,20.66,0.416,0.995,0.0,-0.149,0.013,1
98,3,7.5,58.19,1.943,1.0,0.0,0.017,0.112,1
99,0,99.83,98.27,2.397,0.891,0.0,0.674,0.926,0
99,1,136.5,79.54,-0.96,0.946,0.0,0.037,0.099,1
99,2,36.57,20.67,0.398,0.997,0.0,-0.117,0.01,1
99,3,7.5,58.3,1.945,1.0,0.0,0.017,0.112,1
100,0,99.06,98.98,2.502,0.937,0.0,0.511,1.046,0
100,1,136.5,79.45,-0.955,0.938,0.0,0.038,0.098,1
100,2,36.56,20.67,0.383,0.998,0.0,-0.092,0.008,8
100,3,7.5,58.41,1.948,1.0,0.0,0.017,0.112,1
101,0,98.12,99.68,2.589,0.966,0.0,0.371,1.166,0
101,1,136.5,79.35,-0.949,0.93,0.0,0.038,0.098,1
101,2,36.56,20.68,0.372,0.999,0.0,-0.072,0.006,8
101,3,7.5,58.52,1.951,1.0,0.0,0.017,0.112,1
102,0,97.03,100.35,2.658,0.984,0.0,0.255,1.286,0
102,1,136.5,79.25,-0.942,0.922,0.0,0.039,0.098,1
102,2,36.56,20.68,0.363,0.999,0.0,-0.057,0.005,1
102,3,7.5,58.63,1.954,1.0,0.0,0.018,0.111,1
103,0,95.78,101.01,2.71,0.994,0.0,0.161,1.406,0
103,1,136.5,79.15,-0.936,0.914,0.0,0.039,0.097,1
103,2,36.56,20.69,0.356,1.0,0.0,-0.045,0.004,1
103,3,7.5,58.74,1.956,1.0,0.0,0.018,0.111,1
104,0,94.42,101.63,2.745,0.998,0.0,0.091,1.497,0
104,1,136.5,79.06,-0.93,0.907,0.0,0.04,0.097,1
104,2,36.56,20.69,0.351,1.0,0.0,-0.035,0.003,1
104,3,7.5,58.86,1.959,1.0,0.0,0.018,0.111,1
105,0,93.04,102.21,2.762,1.0,0.0,0.045,1.499,0
105,1,136.5,78.96,-0.924,0.899,0.0,0.04,0.096,1
105,2,36.56,20.69,0.346,1.0,0.0,-0.028,0.002,8
105,3,7.5,58.97,1.962,1.0,0.0,0.018,0.111,1
106,0,91.65,102.77,2.765,1.0,0.0,0.022,1.5,0
106,1,136.5,78.86,-0.917,0.892,0.0,0.041,0.096,1
106,2,36.56,20.69,0.343,1.0,0.0,-0.022,0.002,8
106,3,7.5,59.08,1.965,1.0,0.0,0.019,0.111,1
107,0,90.25,103.32,2.768,1.0,0.0,0.018,1.5,0
107,1,136.5,78.77,-0.911,0.884,0.0,0.041,0.095,1
107,2,36.56,20.69,0.34,1.0,0.0,-0.017,0.001,1
107,3,7.5,59.19,1.968,1.0,0.0,0.019,0.111,1
108,0,88.85,103.86,2.77,1.0,0.0,0.014,1.5,0
108,1,136.5,78.67,-0.904,0.877,0.0,0.042,0.095,1
108,2,36.56,20.7,0.338,1.0,0.0,-0.013,0.001,1
108,3,7.5,59.3,1.971,1.0,0.0,0.019,0.111,1
109,0,87.46,104.41,2.772,1.0,0.0,0.012,1.5,0
109,1,136.5,78.58,-0.898,0.87,0.0,0.042,0.094,1
109,2,36.56,20.7,0.336,1.0,0.0,-0.01,0.001,1
109,3,7.5,59.41,1.974,1.0,0.0,0.019,0.111,1
110,0,86.06,104.95,2.774,1.0,0.0,0.009,1.5,0
110,1,136.5,78.49,-0.891,0.862,0.0,0.043,0.094,1
110,2,36.56,20.7,0.335,1.0,0.0,-0.008,0.001,1
110,3,7.5,59.52,1.977,1.0,0.0,0.02,0.11,1
111,0,84.66,105.49,2.775,1.0,0.0,0.008,1.5,0
111,1,136.5,78.39,-0.884,0.855,0.0,0.043,0.093,1
111,2,36.55,20.7,0.334,1.0,0.0,-0.006,0.001,1
111,3,7.5,59.63,1.98,1.0,0.0,0.02,0.11,1
112,0,83.26,106.03,2.776,1.0,0.0,0.006,1.5,0
112,1,136.5,78.3,-0.877,0.848,0.0,0.044,0.093,1
112,2,36.55,20.7,0.333,1.0,0.0,-0.005,0.0,8
112,3,7.5,59.74,1.984,1.0,0.0,0.02,0.11,1
113,0,81.86,106.56,2.777,1.0,0.0,0.005,1.5,0
113,1,136.5,78.21,-0.87,0.841,0.0,0.044,0.092,1
113,2,36.55,20.7,0.333,1.0,0.0,-0.004,0.0,8
113,3,7.5,59.85,1.987,1.0,0.0,0.02,0.11,1
114,0,80.46,107.1,2.777,1.0,0.0,0.004,1.5,0
114,1,136.5,78.12,-0.863,0.834,0.0,0.045,0.092,1
114,2,36.55,20.7,0.332,1.0,0.0,-0.003,0.0,1
114,3,7.5,59.96,1.99,1.0,0.0,0.021,0.11,1
115,0,79.05,107.63,2.778,1.0,0.0,0.003,1.5,0
115,1,136.5,78.02,-0.856,0.827,0.0,0.045,0.091,1
115,2,36.55,20.7,0.332,1.0,0.0,-0.002,0.0,8
115,3,7.5,60.07,1.993,1.0,0.0,0.021,0.11,1
116,0,77.65,108.17,2.778,1.0,0.0,0.003,1.5,0
116,1,136.5,77.93,-0.849,0.821,0.0,0.046,0.091,1
116,2,36.55,20.7,0.332,1.0,0.0,-0.002,0.0,8
116,3,7.5,60.18,1.997,1.0,0.0,0.021,0.109,1
117,0,76.25,108.7,2.779,1.0,0.0,0.002,1.5,0
117,1,136.5,77.84,-0.841,0.814,0.0,0.046,0.09,1
117,2,36.55,20.7,0.331,1.0,0.0,-0.002,0.0,1
117,3,7.5,60.29,2.0,1.0,0.0,0.022,0.109,1
118,0,74.85,109.23,2.779,1.0,0.0,0.002,1.5,0
118,1,136.5,77.75,-0.834,0.808,0.0,0.047,0.089,1
118,2,36.55,20.7,0.331,1.0,0.0,-0.001,0.0,1
118,3,7.5,60.4,2.003,1.0,0.0,0.022,0.109,1
119,0,73.45,109.77,2.779,1.0,0.0,0.002,1.5,0
119,1,136.5,77.67,-0.827,0.801,0.0,0.047,0.089,1
119,2,36.55,20.7,0.331,1.0,0.0,-0.001,0.0,8
119,3,7.5,60.51,2.007,1.0,0.0,0.022,0.109,1
120,0,72.19,110.24,2.779,0.0,0.0,0.0,1.34,0
120,1,136.5,77.58,-0.837,0.29,0.0,-1.0,0.088,1
120,2,36.55,20.7,0.348,0.0,0.0,1.0,0.0,8
120,3,7.5,60.62,2.01,1.0,0.0,0.022,0.109,1
121,0,71.09,110.66,2.779,0.0,0.0,0.0,1.18,0
121,1,136.5,77.49,-0.864,0.298,0.0,-1.0,0.089,1
121,2,36.55,20.7,0.383,0.0,0.0,1.0,0.0,8
121,3,7.5,60.72,2.014,1.0,0.0,0.023,0.109,1
122,0,70.14,111.02,2.779,0.0,0.0,0.0,1.02,0
122,1,136.5,77.4,-0.909,0.323,0.0,-1.0,0.091,1
122,2,36.55,20.7,0.436,0.0,0.0,1.0,0.0,8
122,3,7.5,60.83,2.018,1.0,0.0,0.023,0.108,1
123,0,69.33,111.33,2.779,0.0,0.0,0.0,0.86,0
123,1,136.5,77.3,-0.972,0.364,0.0,-1.0,0.095,1
123,2,36.55,20.7,0.505,0.0,0.0,1.0,0.0,8
123,3,7.5,60.94,2.021,1.0,0.0,0.023,0.108,1
124,0,68.68,111.57,2.779,0.0,0.0,0.0,0.7,0
124,1,136.5,77.2,-1.052,0.42,0.0,-1.0,0.099,1
124,2,36.55,20.7,0.593,0.0,0.0,1.0,0.0,8
124,3,7.5,61.05,2.025,1.0,0.0,0.024,0.108,1
125,0,68.17,111.76,2.779,0.0,0.0,0.0,0.54,0
125,1,136.5,77.1,-1.149,0.49,0.0,-1.0,0.104,1
125,2,36.55,20.7,0.698,0.0,0.0,1.0,0.0,8
125,3,7.5,61.16,2.029,1.0,0.0,0.024,0.108,1
126,0,67.82,111.9,2.779,0.0,0.0,0.0,0.38,0
126,1,136.5,76.99,-1.265,0.572,0.0,-1.0,0.11,1
126,2,36.55,20.7,0.82,0.0,0.0,1.0,0.0,8
126,3,7.5,61.26,2.033,1.0,0.0,0.024,0.108,1
127,0,67.61,111.98,2.779,0.0,0.0,0.0,0.22,0
127,1,136.5,76.88,-1.397,0.661,0.0,-1.0,0.114,1
127,2,36.55,20.7,0.96,0.0,0.0,1.0,0.0,8
127,3,7.5,61.37,2.037,1.0,0.0,0.025,0.107,1
128,0,67.55,112.0,2.779,0.0,0.0,0.0,0.06,0
128,1,136.5,76.76,-1.547,0.753,0.0,-1.0,0.118,1
128,2,36.55,20.7,1.117,0.0,0.0,1.0,0.0,8
128,3,7.5,61.48,2.041,1.0,0.0,0.025,0.107,1
129,0,67.55,112.0,2.779,0.0,0.0,0.0,0.0,0
129,1,136.5,76.64,-1.68,0.842,0.0,-0.814,0.12,1
129,2,36.55,20.7,1.274,0.0,0.0,1.0,0.0,8
129,3,7.5,61.59,2.045,1.0,0.0,0.025,0.107,1
130,0,67.55,112.0,2.779,0.0,0.0,0.0,0.0,0
130,1,136.49,76.52,-1.795,0.905,0.0,-0.628,0.12,0
130,2,36.53,20.78,1.431,0.073,0.0,1.0,0.09,1
130,3,7.5,61.69,2.049,1.0,0.0,0.026,0.107,1
131,0,67.55,112.0,2.779,0.0,0.0,0.0,0.0,0
131,1,136.43,76.28,-1.892,0.947,0.0,-0.465,0.24,0
131,2,36.49,20.89,1.588,0.223,0.0,1.0,0.108,1
131,3,7.5,61.8,2.053,1.0,0.0,0.026,0.107,1
132,0,67.55,112.0,2.779,0.0,0.0,0.0,0.0,0
132,1,136.32,75.94,-1.972,0.974,0.0,-0.329,0.36,0
132,2,36.46,21.0,1.745,0.365,0.0,1.0,0.115,1
132,3,7.5,61.91,2.057,1.0,0.0,0.027,0.106,1
133,0,67.55,112.0,2.779,0.0,0.0,0.0,0.0,0
133,1,136.13,75.5,-2.035,0.988,0.0,-0.219,0.48,0
133,2,36.42,21.11,1.902,0.499,0.0,1.0,0.119,1
133,3,7.5,62.01,2.061,1.0,0.0,0.027,0.106,1
134,0,67.55,112.0,2.779,0.0,0.0,0.0,0.0,0
134,1,135.86,74.96,-2.08,0.996,0.0,-0.133,0.6,0
134,2,36.38,21.22,2.059,0.622,0.0,1.0,0.12,0
134,3,7.5,62.12,2.065,1.0,0.0,0.027,0.106,1
135,0,67.55,112.0,2.779,0.0,0.0,0.0,0.0,0
135,1,135.51,74.34,-2.108,0.999,0.0,-0.071,0.72,0
135,2,36.27,21.44,2.216,0.731,0.0,1.0,0.24,0
135,3,7.5,62.22,2.07,1.0,0.0,0.028,0.106,1
136,0,67.55,112.0,2.779,0.0,0.0,0.0,0.0,0
136,1,135.08,73.61,-2.118,1.0,0.0,-0.033,0.84,0
136,2,36.05,21.72,2.356,0.82,0.0,0.871,0.36,0
136,3,7.5,62.33,2.074,1.0,0.0,0.028,0.105,1
137,0,67.55,112.0,2.779,0.0,0.0,0.0,0.0,0
137,1,134.58,72.79,-2.121,1.0,0.0,-0.02,0.96,0
137,2,35.71,22.06,2.478,0.883,0.0,0.699,0.48,0
137,3,7.5,62.43,2.079,1.0,0.0,0.028,0.105,1
138,0,67.55,112.0,2.779,0.0,0.0,0.0,0.0,0
138,1,134.02,71.87,-2.123,1.0,0.0,-0.016,1.08,0
138,2,35.24,22.43,2.594,0.87,0.0,0.738,0.6,0
138,3,7.5,62.54,2.083,1.0,0.0,0.029,0.105,1
139,0,67.55,112.0,2.779,0.0,0.0,0.0,0.0,0
139,1,133.39,70.85,-2.125,1.0,0.0,-0.013,1.2,0
139,2,34.63,22.81,2.692,0.914,0.0,0.598,0.72,0
139,3,7.5,62.64,2.088,1.0,0.0,0.029,0.105,1
140,0,67.55,112.0,2.779,0.0,0.0,0.0,0.0,0
140,1,132.69,69.73,-2.127,1.0,0.0,-0.011,1.32,0
140,2,33.87,23.17,2.773,0.933,0.0,0.481,0.84,0
140,3,7.5,62.75,2.092,1.0,0.0,0.03,0.104,1
141,0,67.55,112.0,2.779,0.0,0.0,0.0,0.0,0
141,1,131.93,68.51,-2.128,1.0,0.0,-0.009,1.44,0
141,2,32.97,23.52,2.837,0.879,0.0,0.384,0.96,0
141,3,7.5,62.85,2.097,1.0,0.0,0.03,0.104,1
142,0,67.55,112.0,2.779,0.0,0.0,0.0,0.0,0
142,1,131.14,67.23,-2.129,1.0,0.0,-0.007,1.5,0
142,2,31.94,23.84,2.885,0.803,0.0,0.306,1.08,0
142,3,7.5,62.96,2.102,1.0,0.0,0.03,0.104,1
143,0,67.55,112.0,2.779,0.0,0.0,0.0,0.0,0
143,1,130.35,65.96,-2.13,1.0,0.0,-0.006,1.5,0
143,2,30.91,24.11,2.923,0.71,0.0,0.244,1.064,0
143,3,7.5,63.06,2.107,1.0,0.0,0.031,0.103,1
144,0,67.55,112.0,2.779,0.0,0.0,0.0,0.0,0
144,1,129.55,64.69,-2.131,1.0,0.0,-0.005,1.5,0
144,2,30.01,24.31,2.953,0.614,0.0,0.189,0.922,0
144,3,7.5,63.16,2.112,1.0,0.0,0.031,0.103,1
145,0,67.55,112.0,2.779,0.0,0.0,0.0,0.0,0
145,1,128.75,63.42,-2.132,1.0,0.0,-0.004,1.5,0
145,2,29.23,24.46,2.975,0.531,0.0,0.142,0.796,0
145,3,7.5,63.26,2.117,1.0,0.0,0.032,0.103,1
146,0,67.55,112.0,2.779,0.0,0.0,0.0,0.0,0
146,1,127.95,62.15,-2.132,1.0,0.0,-0.004,1.5,0
146,2,28.55,24.57,2.992,0.459,0.0,0.104,0.688,0
146,3,7.5,63.37,2.122,1.0,0.0,0.032,0.103,1
147,0,67.55,112.0,2.779,0.0,0.0,0.0,0.0,0
147,1,127.16,60.88,-2.133,1.0,0.0,-0.003,1.5,0
147,2,27.97,24.66,3.003,0.397,0.0,0.075,0.595,0
147,3,7.5,63.47,2.127,1.0,0.0,0.033,0.102,1
148,0,67.55,112.0,2.779,0.0,0.0,0.0,0.0,0
148,1,126.44,59.75,-2.116,0.182,0.0,1.0,1.34,0
148,2,27.45,24.73,3.012,0.344,0.0,0.056,0.517,0
148,3,7.5,63.57,2.132,1.0,0.0,0.033,0.102,1
149,0,67.55,112.0,2.779,0.0,0.0,0.0,0.0,0
149,1,125.95,58.93,-2.082,0.021,0.0,1.0,0.955,1
149,2,27.1,24.78,3.039,0.132,0.0,1.0,0.357,0
149,3,7.5,63.67,2.137,1.0,0.0,0.034,0.102,1
150,0,67.55,112.0,2.779,0.0,0.0,0.0,0.0,0
150,1,125.95,58.93,-2.03,0.0,0.0,1.0,0.0,0
150,2,26.73,24.82,3.047,0.247,0.0,-0.588,0.37,0
150,3,7.5,63.77,2.143,1.0,0.0,0.034,0.101,1
151,0,67.55,112.0,2.779,0.0,0.0,0.0,0.0,0
151,1,125.95,58.93,-1.96,0.0,0.0,1.0,0.0,0
151,2,26.42,24.85,3.039,0.209,0.0,-0.691,0.313,0
151,3,7.5,63.88,2.148,0.994,0.0,0.034,0.101,1
152,0,67.55,112.0,2.779,0.0,0.0,0.0,0.0,0
152,1,125.96,58.92,-1.873,0.033,0.0,1.0,0.009,1
152,2,26.15,24.88,3.013,0.178,0.0,-0.778,0.268,0
152,3,7.5,63.98,2.154,0.985,0.0,0.035,0.101,1
153,0,67.55,112.0,2.779,0.0,0.0,0.0,0.0,0
153,1,125.98,58.9,-1.769,0.12,0.0,1.0,0.032,1
153,2,25.92,24.91,2.969,0.154,0.0,-0.847,0.232,0
153,3,7.5,64.08,2.159,0.977,0.0,0.035,0.1,1
154,0,67.55,112.0,2.779,0.0,0.0,0.0,0.0,0
154,1,126.02,58.88,-1.647,0.223,0.0,1.0,0.044,8
154,2,25.72,24.94,2.908,0.136,0.0,-0.895,0.204,0
154,3,7.5,64.18,2.165,0.969,0.0,0.036,0.1,1
155,0,67.55,112.0,2.779,0.0,0.0,0.0,0.0,0
155,1,126.07,58.85,-1.507,0.34,0.0,1.0,0.058,2
155,2,25.54,24.98,2.829,0.122,0.0,-0.899,0.184,0
155,3,7.5,64.28,2.17,0.961,0.0,0.036,0.099,1
156,0,67.55,112.0,2.779,0.0,0.0,0.0,0.0,0
156,1,126.13,58.81,-1.35,0.468,0.0,1.0,0.072,1
156,2,25.38,25.04,2.733,0.117,0.0,-0.791,0.175,0
156,3,7.5,64.37,2.176,0.953,0.0,0.037,0.099,1
157,0,67.55,112.0,2.779,0.0,0.0,0.0,0.0,0
157,1,126.2,58.76,-1.193,0.601,0.0,1.0,0.087,2
157,2,25.23,25.1,2.63,0.111,0.0,-0.653,0.167,0
157,3,7.5,64.47,2.182,0.945,0.0,0.037,0.099,1
158,0,67.55,112.0,2.779,0.0,0.0,0.0,0.0,0
158,1,126.29,58.71,-1.036,0.719,0.0,1.0,0.099,1
158,2,25.09,25.18,2.545,0.104,0.0,-0.501,0.156,0
158,3,7.5,64.57,2.188,0.937,0.0,0.038,0.098,1
159,0,67.55,112.0,2.779,0.0,0.0,0.0,0.0,0
159,1,126.38,58.64,-0.896,0.819,0.0,0.874,0.109,8
159,2,24.97,25.26,2.478,0.095,0.0,-0.374,0.143,0
159,3,7.5,64.67,2.194,0.929,0.0,0.038,0.098,1
160,0,67.44,112.04,2.779,1.0,0.0,0.002,0.12,0
160,1,126.47,58.58,-0.774,0.891,0.0,0.674,0.115,1
160,2,24.76,25.42,2.393,0.623,0.0,-1.0,0.263,0
160,3,7.5,64.67,2.183,0.0,0.0,-1.0,0.0,0
161,0,67.22,112.13,2.78,1.0,0.0,0.001,0.24,0
161,1,126.57,58.51,-0.67,0.94,0.0,0.499,0.119,8
161,2,24.48,25.68,2.29,0.681,0.0,-1.0,0.383,0
161,3,7.5,64.67,2.154,0.0,0.0,-1.0,0.0,0
162,0,66.88,112.25,2.78,1.0,0.0,0.001,0.36,0
162,1,126.66,58.44,-0.583,0.999,0.0,0.068,0.12,1
162,2,24.15,26.06,2.17,0.744,0.0,-1.0,0.503,0
162,3,7.5,64.67,2.107,0.0,0.0,-1.0,0.0,0
163,0,66.43,112.42,2.78,1.0,0.0,0.001,0.48,0
163,1,126.76,58.37,-0.513,0.999,0.0,-0.056,0.12,0
163,2,23.8,26.57,2.033,0.81,0.0,-0.895,0.623,0
163,3,7.5,64.67,2.043,0.0,0.0,-1.0,0.0,0
164,0,65.87,112.64,2.78,1.0,0.0,0.001,0.6,0
164,1,126.97,58.25,-0.461,0.994,0.0,-0.156,0.24,0
164,2,23.47,27.24,1.913,0.875,0.0,-0.723,0.743,0
164,3,7.5,64.67,1.962,0.0,0.0,-1.0,0.0,0
165,0,65.2,112.89,2.78,1.0,0.0,0.001,0.72,0
165,1,127.29,58.09,-0.426,0.987,0.0,-0.232,0.36,0
165,2,23.18,28.05,1.81,0.92,0.0,-0.576,0.863,0
165,3,7.5,64.67,1.863,0.0,0.0,-1.0,0.0,0
166,0,64.41,113.19,2.78,1.0,0.0,0.0,0.84,0
166,1,127.73,57.9,-0.409,0.98,0.0,-0.287,0.48,0
166,2,22.95,29.01,1.725,0.95,0.0,-0.453,0.983,0
166,3,7.5,64.67,1.746,0.0,0.0,-1.0,0.0,0
167,0,63.51,113.53,2.78,1.0,0.0,0.0,0.96,0
167,1,128.28,57.66,-0.41,0.975,0.0,-0.32,0.6,0
167,2,22.78,30.1,1.658,0.969,0.0,-0.354,1.103,0
167,3,7.5,64.67,1.612,0.0,0.0,-1.0,0.0,0
168,0,62.5,113.91,2.78,1.0,0.0,0.0,1.08,0
168,1,128.94,57.37,-0.428,0.973,0.0,-0.331,0.72,0
168,2,22.67,31.31,1.608,0.981,0.0,-0.278,1.223,0
168,3,7.5,64.67,1.461,0.0,0.0,-1.0,0.0,0
169,0,61.38,114.33,2.78,1.0,0.0,0.0,1.2,0
169,1,129.71,57.02,-0.463,0.975,0.0,-0.322,0.84,0
169,2,22.62,32.66,1.572,0.987,0.0,-0.227,1.343,0
169,3,7.5,64.69,1.304,0.011,0.0,-1.0,0.017,0
170,0,60.41,114.7,2.798,0.0,0.0,1.0,1.04,0
170,1,130.57,56.59,-0.509,0.979,0.0,-0.29,0.96,0
170,2,22.62,34.12,1.542,0.991,0.0,-0.195,1.463,0
170,3,7.54,64.82,1.164,0.913,0.0,-0.599,0.137,0
171,0,60.07,114.81,2.833,0.0,0.0,1.0,0.36,1
171,1,131.51,56.07,-0.547,0.985,0.0,-0.246,1.08,0
171,2,22.66,35.61,1.515,0.993,0.0,-0.171,1.489,0
171,3,7.64,65.05,1.042,0.959,0.0,-0.409,0.257,0
172,0,60.07,114.81,2.885,0.021,0.0,1.0,0.002,1
172,1,132.53,55.44,-0.581,0.989,0.0,-0.213,1.2,0
172,2,22.56,36.07,1.491,0.994,0.0,-0.152,0.476,1
172,3,7.83,65.38,0.938,0.985,0.0,-0.251,0.377,0
173,0,60.06,114.8,2.955,0.074,0.0,1.0,0.012,1
173,1,133.4,54.87,-0.632,0.478,0.0,-1.0,1.04,0
173,2,22.55,36.07,1.469,0.995,0.0,-0.138,0.012,1
173,3,8.12,65.78,0.85,0.996,0.0,-0.125,0.497,0
174,0,60.05,114.78,3.043,0.144,0.0,1.0,0.021,1
174,1,134.11,54.35,-0.7,0.467,0.0,-1.0,0.88,0
174,2,22.54,36.08,1.452,0.997,0.0,-0.108,0.009,1
174,3,8.53,66.24,0.781,1.0,0.0,-0.029,0.617,0
175,0,60.04,114.75,-3.135,0.23,0.0,1.0,0.032,1
175,1,134.66,53.89,-0.786,0.478,0.0,-1.0,0.72,0
175,2,22.54,36.08,1.439,0.998,0.0,-0.085,0.007,1
175,3,9.05,66.76,0.729,1.0,0.0,0.037,0.737,0
176,0,60.03,114.71,-3.013,0.331,0.0,1.0,0.044,2
176,1,135.21,53.34,-0.89,0.512,0.0,-1.0,0.769,0
176,2,22.53,36.08,1.428,0.999,0.0,-0.067,0.006,1
176,3,9.69,67.33,0.694,0.999,0.0,0.074,0.857,0
177,0,60.01,114.66,-2.873,0.445,0.0,1.0,0.058,8
177,1,135.73,52.69,-1.011,0.557,0.0,-1.0,0.836,0
177,2,22.53,36.08,1.42,0.999,0.0,-0.052,0.004,1
177,3,10.44,67.96,0.677,0.998,0.0,0.084,0.977,0
178,0,59.98,114.59,-2.715,0.567,0.0,1.0,0.073,1
178,1,136.22,51.92,-1.149,0.611,0.0,-1.0,0.916,0
178,2,22.52,36.08,1.414,1.0,0.0,-0.041,0.003,1
178,3,11.3,68.65,0.678,0.999,0.0,0.068,1.097,0
179,0,59.95,114.51,-2.558,0.69,0.0,1.0,0.087,1
179,1,136.5,51.0,-1.305,0.671,0.0,-1.0,0.96,1
179,2,22.52,36.08,1.409,1.0,0.0,-0.032,0.003,1
179,3,12.25,69.41,0.681,1.0,0.0,0.025,1.217,0
180,0,59.91,114.41,-2.412,0.796,0.0,0.929,0.1,1
180,1,136.5,50.88,-1.462,0.741,0.0,-1.0,0.116,1
180,2,22.52,36.08,1.405,1.0,0.0,-0.025,0.002,8
180,3,13.29,70.25,0.678,1.0,0.0,-0.024,1.337,0
181,0,59.86,114.31,-2.284,0.876,0.0,0.718,0.109,1
181,1,136.5,50.76,-1.602,0.834,0.0,-0.836,0.119,1
181,2,22.52,36.08,1.402,1.0,0.0,-0.02,0.002,1
181,3,14.42,71.16,0.668,0.999,0.0,-0.062,1.457,0
182,0,59.82,114.21,-2.173,0.932,0.0,0.531,0.115,8
182,1,136.5,50.64,-1.724,0.9,0.0,-0.645,0.12,0
182,2,22.51,36.08,1.399,1.0,0.0,-0.016,0.001,8
182,3,15.6,72.09,0.654,0.998,0.0,-0.089,1.497,0
183,0,59.77,114.1,-2.08,0.967,0.0,0.37,0.118,1
183,1,136.46,50.41,-1.829,0.944,0.0,-0.478,0.24,0
183,2,22.51,36.08,1.397,1.0,0.0,-0.012,0.001,1
183,3,16.78,73.0,0.638,0.997,0.0,-0.104,1.496,0
184,0,59.72,113.99,-2.004,0.987,0.0,0.233,0.12,1
184,1,136.37,50.06,-1.916,0.971,0.0,-0.343,0.36,0
184,2,22.51,36.08,1.396,1.0,0.0,-0.01,0.001,1
184,3,17.99,73.89,0.621,0.997,0.0,-0.107,1.496,0
185,0,59.67,113.88,-1.945,0.996,0.0,0.122,0.12,0
185,1,136.21,49.61,-1.985,0.986,0.0,-0.236,0.48,0
185,2,22.51,36.08,1.394,1.0,0.0,-0.008,0.001,8
185,3,19.2,74.76,0.605,0.998,0.0,-0.101,1.496,0
186,0,59.58,113.66,-1.904,1.0,0.0,0.035,0.24,0
186,1,135.96,49.06,-2.037,0.994,0.0,-0.157,0.6,0
186,2,22.51,36.08,1.394,1.0,0.0,-0.006,0.001,8
186,3,20.43,75.61,0.592,0.998,0.0,-0.086,1.497,0
187,0,59.47,113.32,-1.881,1.0,0.0,-0.032,0.36,0
187,1,135.64,48.42,-2.072,0.997,0.0,-0.106,0.72,0
187,2,22.51,36.08,1.393,1.0,0.0,-0.005,0.0,1
187,3,21.68,76.45,0.581,0.999,0.0,-0.065,1.498,0
188,0,59.32,112.86,-1.875,0.998,0.0,-0.082,0.48,0
188,1,135.24,47.68,-2.089,0.998,0.0,-0.084,0.84,0
188,2,22.51,36.08,1.392,1.0,0.0,-0.004,0.0,8
188,3,22.93,77.27,0.575,1.0,0.0,-0.039,1.499,0
189,0,59.14,112.29,-1.886,0.997,0.0,-0.115,0.6,0
189,1,134.76,46.84,-2.103,0.998,0.0,-0.091,0.96,0
189,2,22.51,36.08,1.392,1.0,0.0,-0.003,0.0,1
189,3,24.19,78.09,0.574,1.0,0.0,-0.009,1.5,0
190,0,58.92,111.61,-1.916,0.967,0.0,-0.368,0.72,0
190,1,134.21,45.91,-2.12,0.997,0.0,-0.109,1.08,0
190,2,22.51,36.08,1.391,1.0,0.0,-0.002,0.0,1
190,3,25.45,78.9,0.578,1.0,0.0,0.025,1.5,0
191,0,58.63,110.82,-1.962,0.972,0.0,-0.34,0.84,0
191,1,133.59,44.89,-2.141,0.996,0.0,-0.131,1.2,0
191,2,22.51,36.08,1.391,1.0,0.0,-0.002,0.0,1
191,3,26.7,79.72,0.587,0.999,0.0,0.061,1.499,0
192,0,58.27,109.93,-2.007,0.98,0.0,-0.289,0.96,0
192,1,132.87,43.78,-2.166,0.994,0.0,-0.159,1.32,0
192,2,22.51,36.08,1.391,1.0,0.0,-0.001,0.0,8
192,3,27.95,80.55,0.603,0.998,0.0,0.099,1.496,0
193,0,57.81,108.95,-2.045,0.986,0.0,-0.24,1.08,0
193,1,132.07,42.59,-2.196,0.991,0.0,-0.192,1.44,0
193,2,22.51,36.08,1.391,1.0,0.0,-0.001,0.0,1
193,3,29.18,81.4,0.624,0.995,0.0,0.137,1.493,0
194,0,57.26,107.88,-2.077,0.99,0.0,-0.202,1.2,0
194,1,131.2,41.39,-2.232,0.987,0.0,-0.231,1.481,0
194,2,22.51,36.08,1.391,1.0,0.0,-0.001,0.0,1
194,3,30.39,82.27,0.652,0.992,0.0,0.175,1.489,0
195,0,56.62,106.73,-2.104,0.993,0.0,-0.173,1.32,0
195,1,130.3,40.22,-2.274,0.982,0.0,-0.268,1.474,0
195,2,22.51,36.08,1.391,1.0,0.0,-0.001,0.0,8
195,3,31.57,83.17,0.685,0.989,0.0,0.212,1.483,0
196,0,55.89,105.49,-2.128,0.994,0.0,-0.15,1.44,0
196,1,129.35,39.11,-2.322,0.978,0.0,-0.301,1.467,0
196,2,22.51,36.08,1.39,1.0,0.0,-0.001,0.0,1
196,3,32.71,84.1,0.724,0.985,0.0,0.247,1.478,0
197,0,55.1,104.22,-2.149,0.996,0.0,-0.134,1.493,0
197,1,128.35,38.04,-2.373,0.974,0.0,-0.327,1.461,0
197,2,22.51,36.08,1.39,1.0,0.0,-0.0,0.0,8
197,3,33.81,85.08,0.767,0.981,0.0,0.277,1.472,0
198,0,54.28,102.97,-2.168,0.996,0.0,-0.122,1.495,0
198,1,127.3,37.03,-2.428,0.971,0.0,-0.347,1.456,0
198,2,22.51,36.08,1.39,1.0,0.0,-0.0,0.0,1
198,3,34.87,86.09,0.815,0.978,0.0,0.303,1.466,0
199,0,53.53,101.86,-2.205,0.0,0.0,-1.0,1.335,0
199,1,126.2,36.07,-2.484,0.969,0.0,-0.358,1.453,0
199,2,22.51,36.08,1.39,1.0,0.0,-0.0,0.0,1
199,3,35.87,87.16,0.866,0.975,0.0,0.322,1.462,0
200,0,52.84,100.92,-2.224,0.0,0.0,0.0,1.175,0
200,1,125.18,35.28,-2.558,0.0,0.0,-1.0,1.293,0
200,2,22.51,36.08,1.373,0.511,0.0,-1.0,0.0,8
200,3,36.72,88.15,0.899,0.0,0.0,-1.0,1.302,0
201,0,52.22,100.11,-2.226,0.0,0.0,0.0,1.015,0
201,1,124.24,34.66,-2.649,0.0,0.0,-1.0,1.133,0
201,2,22.51,36.08,1.338,0.526,0.0,-1.0,0.002,8
201,3,37.43,89.04,0.914,0.0,0.0,-1.0,1.142,0
202,0,51.7,99.43,-2.226,0.0,0.0,0.0,0.855,0
202,1,123.38,34.2,-2.758,0.0,0.0,-1.0,0.973,0
202,2,22.52,36.08,1.285,0.555,0.0,-1.0,0.006,1
202,3,38.03,89.82,0.912,0.0,0.0,-1.0,0.982,0
203,0,51.28,98.88,-2.226,0.0,0.0,0.0,0.695,0
203,1,122.62,33.89,-2.884,0.0,0.0,-1.0,0.813,0
203,2,22.53,36.08,1.215,0.598,0.0,-1.0,0.013,8
203,3,38.53,90.47,0.893,0.0,0.0,-1.0,0.822,0
204,0,51.32,98.69,-2.226,0.0,0.0,0.0,0.201,1
204,1,121.99,33.73,-3.027,0.0,0.0,-1.0,0.653,0
204,2,22.55,36.07,1.128,0.653,0.0,-1.0,0.021,1
204,3,38.58,90.76,0.856,0.0,0.0,-1.0,0.293,1
205,0,51.32,98.69,-2.226,0.0,0.0,0.0,0.0,0
205,1,121.5,33.67,3.099,0.0,0.0,-1.0,0.493,0
205,2,22.58,36.07,1.023,0.718,0.0,-1.0,0.032,1
205,3,38.58,90.76,0.801,0.0,0.0,-1.0,0.0,0
206,0,51.32,98.69,-2.226,0.0,0.0,0.0,0.0,0
206,1,121.17,33.69,2.942,0.0,0.0,-1.0,0.333,0
206,2,22.63,36.06,0.9,0.788,0.0,-0.948,0.044,1
206,3,38.58,90.76,0.729,0.0,0.0,-1.0,0.0,0
207,0,51.32,98.69,-2.226,0.0,0.0,0.0,0.0,0
207,1,121.0,33.72,2.784,0.0,0.0,-1.0,0.173,0
207,2,22.68,36.05,0.779,0.858,0.0,-0.77,0.058,1
207,3,38.58,90.76,0.64,0.0,0.0,-1.0,0.0,0
208,0,51.32,98.69,-2.226,0.0,0.0,0.0,0.0,0
208,1,120.99,33.72,2.627,0.0,0.0,-1.0,0.013,0
208,2,22.75,36.04,0.675,0.915,0.0,-0.594,0.071,1
208,3,38.58,90.76,0.533,0.0,0.0,-1.0,0.0,0
209,0,51.32,98.69,-2.226,0.0,0.0,0.0,0.0,0
209,1,120.99,33.72,2.47,0.0,0.0,-1.0,0.0,0
209,2,22.83,36.03,0.589,0.953,0.0,-0.442,0.081,1
209,3,38.58,90.76,0.409,0.0,0.0,-1.0,0.0,0
210,0,51.36,98.72,-2.226,0.0,0.0,0.0,0.054,1
210,1,120.99,33.72,2.313,0.0,0.0,-1.0,0.0,0
210,2,22.92,36.01,0.521,0.976,0.0,-0.314,0.089,1
210,3,38.64,90.78,0.267,0.073,0.0,-1.0,0.056,1
211,0,51.41,98.75,-2.226,0.0,0.0,0.0,0.057,1
211,1,120.99,33.72,2.156,0.0,0.0,-1.0,0.0,0
211,2,23.02,36.0,0.47,0.989,0.0,-0.21,0.095,1
211,3,38.7,90.78,0.109,0.21,0.0,-1.0,0.067,1
212,0,51.46,98.77,-2.226,0.0,0.0,0.0,0.054,1
212,1,120.99,33.72,1.999,0.0,0.0,-1.0,0.0,0
212,2,23.11,35.99,0.436,0.996,0.0,-0.131,0.099,1
212,3,38.78,90.76,-0.048,0.358,0.0,-1.0,0.075,1
213,0,51.5,98.8,-2.226,0.0,0.0,0.0,0.049,1
213,1,120.94,33.83,1.842,0.148,0.0,-1.0,0.12,0
213,2,23.21,35.97,0.42,0.999,0.0,-0.077,0.102,1
213,3,38.85,90.73,-0.205,0.497,0.0,-1.0,0.085,1
214,0,51.53,98.82,-2.226,0.0,0.0,0.0,0.043,1
214,1,120.87,34.06,1.685,0.292,0.0,-1.0,0.24,0
214,2,23.32,35.96,0.413,0.999,0.0,-0.048,0.103,1
214,3,38.94,90.68,-0.362,0.625,0.0,-1.0,0.094,1
215,0,51.56,98.84,-2.226,0.0,0.0,0.0,0.035,1
215,1,120.83,34.42,1.528,0.423,0.0,-1.0,0.36,0
215,2,23.42,35.95,0.408,1.0,0.0,-0.031,0.104,1
215,3,39.02,90.62,-0.519,0.738,0.0,-1.0,0.103,1
216,0,51.59,98.86,-2.226,0.0,0.0,0.0,0.027,1
216,1,120.85,34.9,1.371,0.541,0.0,-1.0,0.48,0
216,2,23.52,35.94,0.405,1.0,0.0,-0.017,0.105,1
216,3,39.1,90.54,-0.658,0.833,0.0,-0.837,0.111,1
217,0,51.6,98.87,-2.226,0.0,0.0,0.0,0.019,1
217,1,120.97,35.49,1.214,0.646,0.0,-1.0,0.6,0
217,2,23.63,35.93,0.404,1.0,0.0,-0.006,0.106,1
217,3,39.18,90.46,-0.78,0.901,0.0,-0.641,0.116,1
218,0,51.61,98.88,-2.226,0.0,0.0,0.0,0.011,1
218,1,121.24,36.04,1.057,0.741,0.0,-1.0,0.613,8
218,2,23.74,35.92,0.405,1.0,0.0,0.002,0.106,1
218,3,39.26,90.37,-0.885,0.947,0.0,-0.469,0.118,1
219,0,51.61,98.88,-2.226,0.0,0.0,0.0,0.005,1
219,1,121.32,36.05,0.917,0.83,0.0,-0.846,0.076,8
219,2,23.84,35.91,0.406,1.0,0.0,0.008,0.107,8
219,3,39.33,90.27,-0.972,0.975,0.0,-0.321,0.12,1
220,0,51.61,98.88,-2.226,0.0,0.0,0.0,0.0,0
220,1,121.41,36.07,0.795,0.901,0.0,-0.64,0.088,1
220,2,23.95,35.9,0.408,1.0,0.0,0.014,0.107,1
220,3,39.4,90.17,-1.042,0.99,0.0,-0.198,0.12,0
221,0,51.61,98.88,-2.226,0.0,0.0,0.0,0.0,0
221,1,121.5,36.08,0.69,0.949,0.0,-0.458,0.098,1
221,2,24.06,35.9,0.411,1.0,0.0,0.018,0.107,1
221,3,39.52,89.97,-1.094,0.998,0.0,-0.1,0.24,0
222,0,51.61,98.88,-2.226,0.0,0.0,0.0,0.0,0
222,1,121.61,36.1,0.603,0.978,0.0,-0.3,0.105,8
222,2,24.16,35.89,0.414,1.0,0.0,0.021,0.108,1
222,3,39.68,89.65,-1.128,1.0,0.0,-0.027,0.36,0
223,0,51.61,98.88,-2.226,0.0,0.0,0.0,0.0,0
223,1,121.71,36.12,0.534,0.993,0.0,-0.167,0.11,8
223,2,24.27,35.89,0.418,1.0,0.0,0.023,0.108,1
223,3,39.89,89.21,-1.145,1.0,0.0,0.022,0.48,0
224,0,51.61,98.88,-2.226,0.0,0.0,0.0,0.0,0
224,1,121.83,36.15,0.482,0.999,0.0,-0.058,0.114,1
224,2,24.38,35.88,0.422,1.0,0.0,0.025,0.108,1
224,3,40.13,88.67,-1.145,0.999,0.0,0.047,0.6,0
225,0,51.61,98.88,-2.226,0.0,0.0,0.0,0.0,0
225,1,121.94,36.17,0.447,1.0,0.0,0.026,0.116,8
225,2,24.49,35.88,0.426,1.0,0.0,0.027,0.108,8
225,3,40.43,88.01,-1.138,0.999,0.0,0.048,0.72,0
226,0,51.61,98.88,-2.226,0.0,0.0,0.0,0.0,0
226,1,122.05,36.2,0.43,0.998,0.0,0.086,0.117,1
226,2,24.6,35.88,0.43,1.0,0.0,0.028,0.109,8
226,3,40.79,87.25,-1.131,1.0,0.0,0.039,0.84,0
227,0,51.61,98.88,-2.226,0.0,0.0,0.0,0.0,0
227,1,122.17,36.22,0.43,0.996,0.0,0.12,0.118,1
227,2,24.7,35.88,0.435,1.0,0.0,0.029,0.109,1
227,3,41.19,86.38,-1.126,1.0,0.0,0.032,0.96,0
228,0,51.61,98.88,-2.226,0.0,0.0,0.0,0.0,0
228,1,122.28,36.25,0.448,0.996,0.0,0.129,0.118,1
228,2,24.81,35.88,0.44,1.0,0.0,0.03,0.109,8
228,3,41.66,85.41,-1.122,1.0,0.0,0.027,1.08,0
229,0,51.61,98.88,-2.226,0.0,0.0,0.0,0.0,0
229,1,122.4,36.28,0.466,0.997,0.0,0.114,0.118,1
229,2,24.92,35.88,0.445,1.0,0.0,0.031,0.109,8
229,3,42.18,84.32,-1.119,1.0,0.0,0.023,1.2,0
230,0,51.61,98.88,-2.226,0.0,0.0,0.0,0.0,0
230,1,122.51,36.31,0.482,0.998,0.0,0.098,0.118,1
230,2,25.03,35.88,0.45,1.0,0.0,0.032,0.109,1
230,3,42.76,83.14,-1.115,1.0,0.0,0.02,1.32,0
231,0,51.61,98.88,-2.226,0.0,0.0,0.0,0.0,0
231,1,122.62,36.34,0.495,0.998,0.0,0.086,0.117,8
231,2,25.14,35.88,0.455,1.0,0.0,0.032,0.11,1
231,3,43.39,81.84,-1.113,1.0,0.0,0.017,1.44,0
232,0,51.61,98.88,-2.226,0.0,0.0,0.0,0.0,0
232,1,122.74,36.38,0.507,0.999,0.0,0.077,0.117,1
232,2,25.25,35.89,0.46,1.0,0.0,0.033,0.11,2
232,3,44.05,80.5,-1.11,1.0,0.0,0.016,1.5,0
233,0,51.61,98.88,-2.226,0.0,0.0,0.0,0.0,0
233,1,122.85,36.41,0.518,0.999,0.0,0.07,0.117,8
233,2,25.36,35.89,0.465,1.0,0.0,0.033,0.11,1
233,3,44.65,79.3,-1.09,0.0,0.0,1.0,1.34,0
234,0,51.61,98.88,-2.226,0.0,0.0,0.0,0.0,0
234,1,122.96,36.44,0.528,0.999,0.0,0.064,0.117,1
234,2,25.47,35.9,0.47,1.0,0.0,0.033,0.11,1
234,3,45.19,78.25,-1.053,0.0,0.0,1.0,1.18,0
235,0,51.61,98.88,-2.226,0.0,0.0,0.0,0.0,0
235,1,123.07,36.48,0.538,0.999,0.0,0.059,0.117,8
235,2,25.58,35.91,0.476,1.0,0.0,0.034,0.11,1
235,3,45.7,77.37,-0.998,0.0,0.0,1.0,1.02,0
236,0,51.61,98.88,-2.226,0.0,0.0,0.0,0.0,0
236,1,123.18,36.52,0.546,0.999,0.0,0.056,0.117,1
236,2,25.69,35.91,0.481,1.0,0.0,0.034,0.111,8
236,3,46.16,76.64,-0.925,0.0,0.0,1.0,0.86,0
237,0,51.61,98.88,-2.226,0.0,0.0,0.0,0.0,0
237,1,123.29,36.55,0.555,0.999,0.0,0.053,0.117,8
237,2,25.8,35.92,0.486,1.0,0.0,0.034,0.111,8
237,3,46.59,76.08,-0.835,0.012,0.0,1.0,0.7,0
238,0,51.61,98.88,-2.226,0.0,0.0,0.0,0.0,0
238,1,123.41,36.59,0.563,0.999,0.0,0.051,0.117,1
238,2,25.91,35.93,0.492,1.0,0.0,0.035,0.111,1
238,3,46.95,75.68,-0.728,0.08,0.0,1.0,0.54,0
239,0,51.61,98.88,-2.226,0.0,0.0,0.0,0.0,0
239,1,123.52,36.63,0.571,0.999,0.0,0.05,0.117,1
239,2,26.02,35.94,0.497,1.0,0.0,0.035,0.111,8
239,3,47.23,75.43,-0.603,0.17,0.0,1.0,0.38,0
240,0,51.54,98.78,-2.208,0.264,0.0,1.0,0.12,0
240,1,123.52,36.63,0.596,0.0,0.0,1.0,0.0,0
240,2,26.02,35.94,0.485,0.0,0.0,-1.0,0.0,8
240,3,47.64,75.15,-0.495,0.894,0.0,0.665,0.5,0
241,0,51.4,98.59,-2.173,0.278,0.0,1.0,0.24,0
241,1,123.52,36.63,0.639,0.0,0.0,1.0,0.0,0
241,2,26.02,35.94,0.456,0.0,0.0,-1.0,0.0,8
241,3,48.19,74.85,-0.405,0.933,0.0,0.524,0.62,0
242,0,51.19,98.29,-2.121,0.304,0.0,1.0,0.36,0
242,1,123.52,36.63,0.699,0.0,0.0,1.0,0.0,0
242,2,26.02,35.94,0.409,0.0,0.0,-1.0,0.0,8
242,3,48.87,74.56,-0.333,0.959,0.0,0.409,0.74,0
243,0,50.94,97.88,-2.051,0.344,0.0,1.0,0.48,0
243,1,123.52,36.63,0.777,0.0,0.0,1.0,0.0,0
243,2,26.02,35.94,0.344,0.0,0.0,-1.0,0.0,8
243,3,49.68,74.28,-0.278,0.975,0.0,0.318,0.86,0
244,0,50.67,97.36,-1.963,0.397,0.0,1.0,0.595,0
244,1,123.52,36.63,0.872,0.0,0.0,1.0,0.0,0
244,2,26.02,35.94,0.262,0.0,0.0,-1.0,0.0,8
244,3,50.62,74.01,-0.238,0.985,0.0,0.252,0.98,0
245,0,50.41,96.72,-1.858,0.461,0.0,1.0,0.692,0
245,1,123.52,36.63,0.985,0.0,0.0,1.0,0.0,0
245,2,26.02,35.94,0.163,0.0,0.0,-1.0,0.0,8
245,3,51.69,73.75,-0.206,0.99,0.0,0.207,1.1,0
246,0,50.18,95.95,-1.736,0.536,0.0,1.0,0.804,0
246,1,123.52,36.63,1.115,0.0,0.0,1.0,0.0,0
246,2,26.02,35.94,0.045,0.0,0.0,-1.0,0.0,8
246,3,52.89,73.5,-0.179,0.993,0.0,0.171,1.22,0
247,0,50.03,95.04,-1.596,0.619,0.0,1.0,0.924,0
247,1,123.52,36.63,1.263,0.0,0.0,1.0,0.0,0
247,2,26.02,35.94,-0.089,0.0,0.0,-1.0,0.0,8
247,3,54.2,73.26,-0.156,0.995,0.0,0.144,1.34,0
248,0,50.0,93.99,-1.438,0.706,0.0,1.0,1.044,0
248,1,123.52,36.63,1.42,0.0,0.0,1.0,0.0,0
248,2,26.02,35.94,-0.241,0.0,0.0,-1.0,0.0,8
248,3,55.65,73.04,-0.137,0.996,0.0,0.122,1.46,0
249,0,50.15,92.84,-1.292,0.794,0.0,0.933,1.164,0
249,1,123.52,36.63,1.577,0.0,0.0,1.0,0.0,0
249,2,26.04,35.94,-0.398,0.011,0.0,-1.0,0.017,0
249,3,57.13,72.83,-0.121,0.997,0.0,0.106,1.496,0
250,0,50.51,91.6,-1.163,0.863,0.0,0.757,1.284,0
250,1,123.52,36.63,1.734,0.0,0.0,1.0,0.0,0
250,2,26.17,35.89,-0.555,0.166,0.0,-1.0,0.137,0
250,3,58.61,72.65,-0.106,0.998,0.0,0.093,1.497,0
251,0,51.05,90.35,-1.051,0.912,0.0,0.605,1.368,0
251,1,123.52,36.63,1.891,0.0,0.0,1.0,0.0,0
251,2,26.38,35.75,-0.712,0.307,0.0,-1.0,0.257,0
251,3,59.51,72.52,-0.093,0.998,0.0,0.082,0.906,8
252,0,51.75,89.12,-0.957,0.945,0.0,0.474,1.418,0
252,1,123.52,36.63,2.048,0.0,0.0,1.0,0.0,0
252,2,26.67,35.5,-0.869,0.433,0.0,-1.0,0.377,0
252,3,59.51,72.51,-0.082,0.999,0.0,0.074,0.006,1
253,0,52.59,87.93,-0.881,0.968,0.0,0.365,1.451,0
253,1,123.5,36.63,2.205,0.075,0.0,1.0,0.015,1
253,2,26.99,35.12,-1.026,0.544,0.0,-1.0,0.497,0
253,3,59.51,72.51,-0.072,0.999,0.0,0.058,0.005,8
254,0,53.53,86.8,-0.821,0.981,0.0,0.276,1.472,0
254,1,123.47,36.61,2.362,0.23,0.0,1.0,0.034,8
254,2,27.31,34.6,-1.184,0.639,0.0,-1.0,0.617,0
254,3,59.51,72.5,-0.065,0.999,0.0,0.046,0.004,1
255,0,54.36,86.18,-0.78,0.989,0.0,0.209,1.039,1
255,1,123.42,36.6,2.519,0.379,0.0,1.0,0.052,1
255,2,27.59,33.91,-1.341,0.724,0.0,-1.0,0.737,0
255,3,59.5,72.09,-0.06,1.0,0.0,0.036,0.416,10
256,0,54.43,86.15,-0.756,0.995,0.0,0.147,0.073,1
256,1,123.36,36.57,2.677,0.519,0.0,1.0,0.069,1
256,2,27.78,33.08,-1.483,0.805,0.0,-0.908,0.857,0
256,3,59.5,72.03,-0.048,0.999,0.0,0.075,0.055,3
257,0,54.5,86.12,-0.738,0.997,0.0,0.111,0.074,1
257,1,123.28,36.55,2.834,0.646,0.0,1.0,0.084,1
257,2,27.87,32.11,-1.608,0.814,0.0,-0.749,0.977,0
257,3,59.5,71.98,-0.038,0.999,0.0,0.065,0.053,3
258,0,54.57,86.09,-0.725,0.998,0.0,0.085,0.076,1
258,1,123.18,36.52,2.991,0.758,0.0,1.0,0.097,8
258,2,27.83,31.01,-1.716,0.783,0.0,-0.61,1.097,0
258,3,59.5,71.93,-0.029,0.999,0.0,0.056,0.053,11
259,0,54.64,86.06,-0.715,0.999,0.0,0.064,0.077,1
259,1,123.08,36.48,3.13,0.85,0.0,0.792,0.107,8
259,2,27.67,29.94,-1.806,0.722,0.0,-0.488,1.083,0
259,3,59.5,71.87,-0.021,0.999,0.0,0.05,0.052,3
260,0,54.71,86.04,-0.707,0.999,0.0,0.048,0.078,1
260,1,122.97,36.45,-3.031,0.915,0.0,0.593,0.114,1
260,2,27.44,28.99,-1.879,0.648,0.0,-0.378,0.972,0
260,3,59.5,71.82,-0.014,1.0,0.0,0.044,0.051,10
261,0,54.79,86.01,-0.702,1.0,0.0,0.036,0.079,1
261,1,122.86,36.41,-2.926,0.957,0.0,0.419,0.118,8
261,2,27.18,28.17,-1.934,0.574,0.0,-0.282,0.861,0
261,3,59.5,71.77,-0.008,1.0,0.0,0.04,0.051,10
262,0,54.86,85.98,-0.697,1.0,0.0,0.026,0.079,1
262,1,122.75,36.38,-2.839,0.982,0.0,0.27,0.12,1
262,2,26.91,27.47,-1.972,0.504,0.0,-0.204,0.756,0
262,3,59.5,71.72,-0.002,1.0,0.0,0.037,0.051,4
263,0,54.94,85.96,-0.694,1.0,0.0,0.019,0.08,1
263,1,122.63,36.34,-2.77,0.995,0.0,0.146,0.12,0
263,2,26.65,26.86,-1.995,0.441,0.0,-0.148,0.661,0
263,3,59.5,71.67,0.004,1.0,0.0,0.035,0.05,3
264,0,55.01,85.93,-0.692,1.0,0.0,0.013,0.081,1
264,1,122.41,36.26,-2.717,0.999,0.0,0.047,0.24,0
264,2,26.42,26.33,-2.013,0.386,0.0,-0.116,0.579,0
264,3,59.51,71.62,0.009,1.0,0.0,0.033,0.05,3
265,0,55.09,85.9,-0.691,1.0,0.0,0.008,0.081,1
265,1,122.08,36.11,-2.683,1.0,0.0,-0.027,0.36,0
265,2,26.2,25.88,-2.021,0.336,0.0,-0.046,0.504,0
265,3,59.51,71.57,0.014,1.0,0.0,0.031,0.05,4
266,0,55.17,85.88,-0.691,1.0,0.0,0.004,0.082,1
266,1,121.65,35.89,-2.666,0.999,0.0,-0.076,0.48,0
266,2,26.01,25.49,-2.026,0.286,0.0,-0.036,0.429,0
266,3,59.51,71.52,0.018,1.0,0.0,0.03,0.05,10
267,0,55.24,85.85,-0.69,1.0,0.0,0.002,0.082,1
267,1,121.12,35.62,-2.666,0.997,0.0,-0.102,0.6,0
267,2,25.85,25.16,-2.031,0.243,0.0,-0.028,0.365,0
267,3,59.51,71.47,0.023,1.0,0.0,0.029,0.05,3
268,0,55.32,85.82,-0.69,1.0,0.0,-0.001,0.083,1
268,1,120.48,35.29,-2.683,0.997,0.0,-0.104,0.72,0
268,2,25.72,24.88,-2.034,0.207,0.0,-0.021,0.311,0
268,3,59.51,71.42,0.027,1.0,0.0,0.028,0.05,3
269,0,55.4,85.8,-0.691,1.0,0.0,-0.002,0.083,1
269,1,119.72,34.92,-2.696,0.998,0.0,-0.083,0.84,0
269,2,25.6,24.65,-2.036,0.176,0.0,-0.015,0.264,0
269,3,59.52,71.37,0.031,1.0,0.0,0.027,0.049,5
270,0,55.48,85.77,-0.691,1.0,0.0,-0.004,0.084,1
270,1,118.86,34.5,-2.706,0.999,0.0,-0.067,0.96,0
270,2,25.5,24.45,-2.038,0.15,0.0,-0.01,0.225,0
270,3,59.52,71.32,0.036,1.0,0.0,0.027,0.049,3
271,0,55.56,85.74,-0.692,1.0,0.0,-0.005,0.084,1
271,1,117.88,34.05,-2.715,0.999,0.0,-0.055,1.08,0
271,2,25.41,24.27,-2.039,0.128,0.0,-0.005,0.192,0
271,3,59.52,71.27,0.04,1.0,0.0,0.026,0.049,3
272,0,55.64,85.71,-0.693,1.0,0.0,-0.006,0.084,1
272,1,116.78,33.55,-2.722,1.0,0.0,-0.045,1.2,0
272,2,25.34,24.13,-2.039,0.109,0.0,-0.001,0.163,0
272,3,59.52,71.22,0.044,1.0,0.0,0.026,0.049,3
273,0,55.72,85.68,-0.694,1.0,0.0,-0.006,0.085,1
273,1,115.58,33.01,-2.728,1.0,0.0,-0.037,1.32,0
273,2,25.27,24.0,-2.039,0.093,0.0,0.003,0.139,0
273,3,59.53,71.18,0.048,1.0,0.0,0.026,0.049,4
274,0,55.8,85.65,-0.695,1.0,0.0,-0.007,0.085,1
274,1,114.26,32.43,-2.732,1.0,0.0,-0.031,1.44,0
274,2,25.22,23.9,-2.038,0.079,0.0,0.006,0.119,0
274,3,59.53,71.13,0.052,1.0,0.0,0.026,0.049,10
275,0,55.88,85.62,-0.696,1.0,0.0,-0.007,0.085,1
275,1,112.89,31.84,-2.737,1.0,0.0,-0.026,1.5,0
275,2,25.17,23.81,-2.036,0.068,0.0,0.009,0.102,0
275,3,59.53,71.08,0.056,1.0,0.0,0.026,0.049,4
276,0,55.96,85.6,-0.698,1.0,0.0,-0.008,0.086,1
276,1,111.51,31.25,-2.74,1.0,0.0,-0.023,1.5,0
276,2,25.14,23.73,-2.034,0.058,0.0,0.012,0.087,0
276,3,59.54,71.03,0.06,1.0,0.0,0.025,0.049,3
277,0,56.04,85.57,-0.699,1.0,0.0,-0.008,0.086,1
277,1,110.13,30.66,-2.743,1.0,0.0,-0.019,1.5,0
277,2,25.14,23.73,-2.034,0.0,0.0,0.0,0.0,0
277,3,59.54,70.98,0.064,1.0,0.0,0.025,0.049,11
278,0,56.12,85.53,-0.7,1.0,0.0,-0.008,0.086,1
278,1,108.74,30.08,-2.746,1.0,0.0,-0.017,1.5,0
278,2,25.14,23.73,-2.034,0.0,0.0,0.0,0.0,0
278,3,59.55,70.93,0.068,1.0,0.0,0.025,0.049,11
279,0,56.2,85.5,-0.701,1.0,0.0,-0.008,0.087,1
279,1,107.51,29.56,-2.731,0.0,0.0,1.0,1.34,0
279,2,25.14,23.73,-2.034,0.0,0.0,0.0,0.0,0
279,3,59.55,70.88,0.072,1.0,0.0,0.025,0.049,4
280,0,56.28,85.47,-0.703,1.0,0.0,-0.008,0.086,1
280,1,107.22,29.41,-2.699,0.0,0.0,1.0,0.322,8
280,2,25.14,23.73,-2.017,0.0,0.0,1.0,0.0,0
280,3,59.55,70.84,0.093,0.0,0.0,1.0,0.047,9
281,0,56.36,85.44,-0.704,1.0,0.0,-0.009,0.087,1
281,1,107.22,29.41,-2.649,0.0,0.0,1.0,0.0,8
281,2,25.14,23.73,-1.982,0.0,0.0,1.0,0.0,0
281,3,59.56,70.79,0.132,0.0,0.0,1.0,0.047,4
282,0,56.45,85.41,-0.705,1.0,0.0,-0.009,0.087,1
282,1,107.22,29.41,-2.581,0.0,0.0,1.0,0.0,8
282,2,25.14,23.73,-1.929,0.0,0.0,1.0,0.0,0
282,3,59.56,70.74,0.189,0.0,0.0,1.0,0.047,2
283,0,56.53,85.38,-0.707,1.0,0.0,-0.009,0.087,1
283,1,107.22,29.41,-2.497,0.0,0.0,1.0,0.0,8
283,2,25.14,23.73,-1.859,0.0,0.0,1.0,0.0,0
283,3,59.57,70.69,0.263,0.0,0.0,1.0,0.047,2
284,0,56.61,85.36,-0.708,1.0,0.0,-0.009,0.085,1
284,1,107.22,29.41,-2.394,0.0,0.0,1.0,0.0,8
284,2,25.14,23.73,-1.772,0.0,0.0,1.0,0.0,0
284,3,59.57,70.65,0.354,0.036,0.0,1.0,0.043,11
285,0,56.69,85.34,-0.71,1.0,0.0,-0.009,0.081,1
285,1,107.22,29.41,-2.274,0.0,0.0,1.0,0.0,8
285,2,25.14,23.73,-1.667,0.0,0.0,1.0,0.0,0
285,3,59.58,70.62,0.463,0.127,0.0,1.0,0.032,4
286,0,56.77,85.33,-0.711,1.0,0.0,-0.01,0.079,1
286,1,107.22,29.41,-2.137,0.0,0.0,1.0,0.0,8
286,2,25.14,23.73,-1.544,0.0,0.0,1.0,0.0,0
286,3,59.58,70.59,0.59,0.235,0.0,1.0,0.026,4
287,0,56.84,85.32,-0.713,1.0,0.0,-0.011,0.077,1
287,1,107.22,29.41,-1.982,0.0,0.0,1.0,0.0,8
287,2,25.14,23.73,-1.404,0.0,0.0,1.0,0.0,0
287,3,59.58,70.58,0.734,0.355,0.0,1.0,0.019,3
288,0,56.92,85.33,-0.715,1.0,0.0,-0.012,0.076,1
288,1,107.22,29.41,-1.825,0.0,0.0,1.0,0.0,8
288,2,25.16,23.61,-1.247,0.122,0.0,1.0,0.12,0
288,3,59.58,70.56,0.891,0.486,0.0,1.0,0.011,3
289,0,56.99,85.33,-0.717,1.0,0.0,-0.013,0.076,1
289,1,107.22,29.41,-1.668,0.0,0.0,1.0,0.0,8
289,2,25.23,23.38,-1.09,0.271,0.0,1.0,0.24,0
289,3,59.58,70.56,1.048,0.617,0.0,1.0,0.004,4
290,0,57.07,85.35,-0.719,1.0,0.0,-0.014,0.076,1
290,1,107.22,29.41,-1.511,0.0,0.0,1.0,0.0,8
290,2,25.4,23.07,-0.933,0.409,0.0,1.0,0.36,0
290,3,59.58,70.56,1.205,0.732,0.0,1.0,0.002,4
291,0,57.14,85.37,-0.721,1.0,0.0,-0.015,0.077,1
291,1,107.22,29.41,-1.354,0.0,0.0,1.0,0.0,8
291,2,25.68,22.68,-0.776,0.535,0.0,1.0,0.48,0
291,3,59.58,70.57,1.344,0.83,0.0,0.846,0.007,11
292,0,57.22,85.39,-0.724,1.0,0.0,-0.016,0.077,1
292,1,107.22,29.41,-1.197,0.0,0.0,1.0,0.0,8
292,2,26.11,22.26,-0.619,0.647,0.0,1.0,0.6,0
292,3,59.58,70.58,1.466,0.899,0.0,0.647,0.011,4
293,0,57.29,85.42,-0.727,1.0,0.0,-0.017,0.078,1
293,1,107.27,29.3,-1.04,0.092,0.0,1.0,0.12,1
293,2,26.7,21.84,-0.462,0.745,0.0,1.0,0.72,0
293,3,59.58,70.59,1.571,0.946,0.0,0.472,0.013,10
294,0,57.36,85.44,-0.729,1.0,0.0,-0.018,0.078,1
294,1,107.33,29.2,-0.883,0.24,0.0,1.0,0.12,0
294,2,27.45,21.47,-0.322,0.828,0.0,0.851,0.84,0
294,3,59.58,70.61,1.658,0.975,0.0,0.323,0.014,3
295,0,57.44,85.47,-0.732,1.0,0.0,-0.019,0.078,1
295,1,107.48,29.01,-0.726,0.383,0.0,1.0,0.24,0
295,2,28.36,21.16,-0.2,0.888,0.0,0.683,0.96,0
295,3,59.58,70.62,1.728,0.99,0.0,0.199,0.014,4
296,0,57.51,85.49,-0.736,1.0,0.0,-0.02,0.079,1
296,1,107.75,28.77,-0.569,0.512,0.0,1.0,0.36,0
296,2,29.42,20.95,-0.096,0.929,0.0,0.54,1.08,0
296,3,59.57,70.63,1.78,0.998,0.0,0.099,0.014,1
297,0,57.59,85.52,-0.739,1.0,0.0,-0.02,0.079,1
297,1,108.15,28.51,-0.411,0.627,0.0,1.0,0.48,0
297,2,30.61,20.83,-0.009,0.957,0.0,0.42,1.2,0
297,3,59.56,70.65,1.814,1.0,0.0,0.025,0.017,1
298,0,57.66,85.54,-0.742,1.0,0.0,-0.021,0.079,1
298,1,108.7,28.27,-0.254,0.727,0.0,1.0,0.6,0
298,2,31.93,20.82,0.061,0.975,0.0,0.323,1.32,0
298,3,59.55,70.66,1.831,1.0,0.0,-0.025,0.02,1
299,0,57.74,85.56,-0.745,1.0,0.0,-0.021,0.079,1
299,1,109.4,28.09,-0.114,0.812,0.0,0.891,0.72,0
299,2,33.37,20.91,0.113,0.985,0.0,0.248,1.44,0
299,3,59.53,70.67,1.831,0.999,0.0,-0.05,0.022,1
